Index	Position	A	C	G	U	Mutation
-30	0	-0.013421773910522461	-0.020634710788726807	0.0	0.02907124161720276	0
-29	1	0.0	0.01596778631210327	-0.030216872692108154	-0.04738736152648926	0
-28	2	0.013692766427993774	-0.0177232027053833	0.0	0.06060877442359924	0
-27	3	0.0	-0.03127574920654297	-0.02873307466506958	-0.03072214126586914	0
-26	4	-0.034623146057128906	-0.04999154806137085	0.0	-0.05316537618637085	0
-25	5	-0.07419717311859131	0.0	-0.07328534126281738	-0.06619995832443237	0
-24	6	0.0	-0.04271852970123291	-0.012197315692901611	-0.013491451740264893	0
-23	7	-0.004816174507141113	-0.045188963413238525	0.0	-0.015204191207885742	0
-22	8	0.08617532253265381	0.017439454793930054	0.0	0.021486788988113403	0
-21	9	-0.03985130786895752	0.0	0.01938462257385254	0.030405372381210327	0
-20	10	0.0	-0.06698375940322876	-0.09513068199157715	-0.04730570316314697	0
-19	11	-0.0037926435470581055	-0.05524390935897827	0.0	-0.02588188648223877	0
-18	12	-0.027966737747192383	0.0	-0.04722714424133301	0.0009261369705200195	0
-17	13	-0.04743540287017822	-0.03562682867050171	0.0	0.037994176149368286	0
-16	14	0.1019923985004425	0.036465615034103394	0.0	0.06684765219688416	0
-15	15	-0.0068585872650146484	-0.044731199741363525	0.0	0.07161352038383484	0
-14	16	0.043654829263687134	0.0	0.001202404499053955	0.03500548005104065	0
-13	17	0.037960052490234375	0.0016312599182128906	0.0	0.015028387308120728	0
-12	18	0.016809135675430298	-0.01996636390686035	0.0	-0.007884800434112549	0
-11	19	-0.013712286949157715	0.0	0.03607085347175598	-0.004312872886657715	0
-10	20	0.003215193748474121	-0.04202151298522949	0.0	-0.0033264756202697754	0
-9	21	-0.025306344032287598	0.008322417736053467	0.0	0.06590193510055542	0
-8	22	0.0038439035415649414	0.02099469304084778	0.0	-0.0043351054191589355	0
-7	23	-0.015492677688598633	-0.02949458360671997	0.0	0.003331482410430908	0
-6	24	0.0	-0.009243607521057129	-0.02805805206298828	0.004486143589019775	0
-5	25	0.017914682626724243	-0.01947730779647827	0.0	0.025861740112304688	0
-4	26	-0.000899970531463623	0.0	-0.0431056022644043	0.05503389239311218	0
-3	27	0.0	-0.015690982341766357	-0.005473077297210693	0.010118156671524048	0
-2	28	-0.01905357837677002	-0.010385692119598389	0.0	0.004374504089355469	0
-1	29	0.0005950927734375	0.0	-0.018252253532409668	0.002546966075897217	0
